"period","forecast","lower_95","upper_95"
46,1.80718838013776,0.884978844060997,2.72939791621453
47,1.79193284972832,0.766806248651941,2.81705945080469
48,1.78483989884534,0.735120491331757,2.83455930635893
49,1.78154208153726,0.724885821260034,2.83819834181449
50,1.78000878472231,0.721072472947999,2.83894509649661
51,1.77929588922109,0.719502041289175,2.83908973715301
52,1.77896443350379,0.718815531322722,2.83911333568485
53,1.77881032551412,0.718505767718095,2.83911488331014
54,1.77873867409512,0.71836378150253,2.83911356668771
