"period","actual","forecast","lower_95","upper_95","error","absolute_error","absolute_percentage_error"
1941,47.5,48.0078802628789,18.6500706492725,77.3656898764854,-0.507880262878942,0.507880262878942,1.06922160606093
1942,30.6,35.8595342265596,-15.2468344116789,86.9659028647982,-5.25953422655964,5.25953422655964,17.1880203482341
1943,16.3,33.1277089496454,-30.8736625864092,97.1290804857001,-16.8277089496454,16.8277089496454,103.237478218684
1944,9.6,37.7965671490099,-31.133207327513,106.726341625533,-28.1965671490099,28.1965671490099,293.71424113552
1945,33.2,45.9559895566968,-23.7732729659264,115.68525207932,-12.7559895566968,12.7559895566968,38.4216552912556
1946,92.6,53.7427641412862,-15.9878816113806,123.473409893953,38.8572358587138,38.8572358587138,41.9624577307925
1947,151.6,58.6488810952857,-11.3111835943836,128.608945784955,92.9511189047143,92.9511189047143,61.3134029714474
1948,136.3,59.9499326621843,-10.1537157378773,130.053581062246,76.3500673378157,76.3500673378157,56.0161902698574
1949,134.7,58.3864788142131,-11.7157596741567,128.488717302583,76.3135211857869,76.3135211857869,56.6544329515864
1950,83.9,55.4448910428439,-14.9297405657151,125.819522651403,28.4551089571561,28.4551089571561,33.9155053124625
1951,69.4,52.6112635016771,-18.5623815052714,123.784908508626,16.7887364983229,16.7887364983229,24.1912629658831
1952,31.5,50.862494649606,-21.4223619653276,123.14735126454,-19.362494649606,19.362494649606,61.4682369828763
1953,13.9,50.4934877567673,-22.8256931530691,123.812668666604,-36.5934877567673,36.5934877567673,263.262501847247
1954,4.4,51.2328519667083,-22.8270341191912,125.292738052608,-46.8328519667083,46.8328519667083,1064.38299924337
1955,38,52.5158015188888,-22.0024957931578,127.034098830935,-14.5158015188888,14.5158015188888,38.1994776812863
1956,141.7,53.7708306834661,-21.0359295329887,128.577590899921,87.9291693165339,87.9291693165339,62.0530482120917
1957,190.2,54.617597193389,-20.4143417834488,129.649536170227,135.582402806611,135.582402806611,71.2841234524769
1958,184.8,54.9364507241287,-20.332198728849,130.205100177107,129.863549275871,129.863549275871,70.2724833743892
1959,159,54.8265777962623,-20.7395410691947,130.392696661719,104.173422203738,104.173422203738,65.517875599835
1960,112.3,54.5024920071884,-21.4431723357242,130.448156350101,57.7975079928116,57.7975079928116,51.4670596552196
1961,53.9,54.1839142762316,-22.2115538265749,130.579382379038,-0.283914276231634,0.283914276231634,0.526742627516947
1962,37.5,54.0188609189411,-22.8608399266624,130.898561764545,-16.5188609189411,16.5188609189411,44.0502957838431
1963,27.9,54.0557308359283,-23.3038098966998,131.415271568556,-26.1557308359283,26.1557308359283,93.7481391968757
1964,10.2,54.258382467503,-23.5521919394091,132.068956874415,-44.058382467503,44.058382467503,431.944926151991
1965,15.1,54.5453761312063,-23.6821287077687,132.772880970181,-39.4453761312063,39.4453761312063,261.227656498055
1966,47,54.8322619962593,-23.7866326895155,133.451156682034,-7.83226199625926,7.83226199625926,16.6643872260835
1967,93.8,55.0614617416191,-23.9375435472711,134.060467030509,38.7385382583809,38.7385382583809,41.2990812989135
1968,105.9,55.2134512460273,-24.1677711168446,134.594673608899,50.6865487539727,50.6865487539727,47.8626522700403
1969,105.5,55.3013558357643,-24.4728414956726,135.075553167201,50.1986441642357,50.1986441642357,47.5816532362424
1970,104.5,55.3560800758732,-24.8244610652803,135.536621217027,49.1439199241268,49.1439199241268,47.0276745685424
1971,66.6,55.4100730659008,-25.1876501794693,136.007796311271,11.1899269340991,11.1899269340991,16.801692093242
1972,68.9,55.4857234155016,-25.5347361802341,136.506183011237,13.4142765844985,13.4142765844985,19.469196784468
1973,38,55.5908876543633,-25.8525269191811,137.034302227908,-17.5908876543633,17.5908876543633,46.2918096167454
1974,34.5,55.7208169499731,-26.1422890522873,137.583922952233,-21.2208169499731,21.2208169499731,61.5096143477481
1975,15.5,55.8637890956148,-26.4147359298659,138.142314121096,-40.3637890956148,40.3637890956148,260.411542552354
1976,12.6,56.0073393615186,-26.6833306805706,138.698009403608,-43.4073393615186,43.4073393615186,344.502693345386
1977,27.5,56.142765768593,-26.9587776306023,139.244309167788,-28.642765768593,28.642765768593,104.155511885793
1978,92.5,56.2669139857506,-27.2462298534371,139.780057824938,36.2330860142494,36.2330860142494,39.1709037991885
1979,155.4,56.3814949210465,-27.5452944841803,140.308284326273,99.0185050789535,99.0185050789535,63.7184717367783
1980,154.6,56.4909527461332,-27.8519312411537,140.83383673342,98.1090472538668,98.1090472538668,63.4599270723588
1981,140.4,56.600074194285,-28.1609913718156,141.361139760386,83.799925805715,83.799925805715,59.6865568416773
1982,115.9,56.7122401906869,-28.4683292987005,141.892809680074,59.1877598093131,59.1877598093131,51.0679549692089
1983,66.6,56.8287145481976,-28.7719018349877,142.429330931383,9.77128545180244,9.77128545180244,14.6715997774811
1984,45.9,56.9488838239132,-29.0717985577313,142.969566205558,-11.0488838239132,11.0488838239132,24.0716423178938
1985,17.9,57.0710639438495,-29.3695308573386,143.511658745038,-39.1710639438495,39.1710639438495,218.832759462846
1986,13.4,57.1934172213906,-29.6670589465715,144.053893389353,-43.7934172213906,43.7934172213906,326.816546428288
1987,29.4,57.3146306003441,-29.9659744523867,144.595235653075,-27.9146306003441,27.9146306003441,94.9477231304222
1988,100.2,57.4341986883056,-30.2670696548548,145.135467031466,42.7658013116944,42.7658013116944,42.6804404308327
1989,157.6,57.5523402186791,-30.570317839918,145.674998277276,100.047659781321,100.047659781321,63.4820176277417
1990,142.6,57.6696930350757,-30.8751405045537,146.214526574705,84.9303069649243,84.9303069649243,59.5584200315037
1991,145.7,57.7869624461083,-31.1807786192085,146.754703511425,87.9130375538917,87.9130375538917,60.3383922813258
1992,94.3,57.9046582105365,-31.4866077512196,147.295924172293,36.3953417894635,36.3953417894635,38.595272311202
1993,54.6,58.0229820757723,-31.7923069653997,147.838271116944,-3.42298207577229,3.42298207577229,6.26919794097489
1994,29.9,58.1418565497696,-32.0978700803692,148.381583179908,-28.2418565497696,28.2418565497696,94.4543697316709
1995,17.5,58.261040173552,-32.4035055046049,148.925585851709,-40.761040173552,40.761040173552,232.920229563155
1996,8.6,58.3802623257987,-32.7094943998732,149.470019051471,-49.7802623257987,49.7802623257987,578.840259602311
1997,21.5,58.4993251807102,-33.0160690453042,150.014719406725,-36.9993251807102,36.9993251807102,172.089884561443
1998,64.3,58.6181483345649,-33.3233466718888,150.559643341019,5.68185166543509,5.68185166543509,8.83647226350714
1999,93.3,58.7367590332607,-33.631323800638,151.104841867159,34.5632409667393,34.5632409667393,37.0452743480593
2000,119.6,58.8552486337424,-33.9399137812325,151.650411048717,60.7447513662576,60.7447513662576,50.7899258915197
2001,111,58.9737209412843,-34.2490009301983,152.196442812767,52.0262790587157,52.0262790587157,46.8705216745186
