period,value
1700,5.00
1701,11.00
1702,16.00
1703,23.00
1704,36.00
1705,58.00
1706,29.00
1707,20.00
1708,10.00
1709,8.00
1710,3.00
1711,0.00
1712,0.00
1713,2.00
1714,11.00
1715,27.00
1716,47.00
1717,63.00
1718,60.00
1719,39.00
1720,28.00
1721,26.00
1722,22.00
1723,11.00
1724,21.00
1725,40.00
1726,78.00
1727,122.00
1728,103.00
1729,73.00
1730,47.00
1731,35.00
1732,11.00
1733,5.00
1734,16.00
1735,34.00
1736,70.00
1737,81.00
1738,111.00
1739,101.00
1740,73.00
1741,40.00
1742,20.00
1743,16.00
1744,5.00
1745,11.00
1746,22.00
1747,40.00
1748,60.00
1749,80.90
1750,83.40
1751,47.70
1752,47.80
1753,30.70
1754,12.20
1755,9.60
1756,10.20
1757,32.40
1758,47.60
1759,54.00
1760,62.90
1761,85.90
1762,61.20
1763,45.10
1764,36.40
1765,20.90
1766,11.40
1767,37.80
1768,69.80
1769,106.10
1770,100.80
1771,81.60
1772,66.50
1773,34.80
1774,30.60
1775,7.00
1776,19.80
1777,92.50
1778,154.40
1779,125.90
1780,84.80
1781,68.10
1782,38.50
1783,22.80
1784,10.20
1785,24.10
1786,82.90
1787,132.00
1788,130.90
1789,118.10
1790,89.90
1791,66.60
1792,60.00
1793,46.90
1794,41.00
1795,21.30
1796,16.00
1797,6.40
1798,4.10
1799,6.80
1800,14.50
1801,34.00
1802,45.00
1803,43.10
1804,47.50
1805,42.20
1806,28.10
1807,10.10
1808,8.10
1809,2.50
1810,0.00
1811,1.40
1812,5.00
1813,12.20
1814,13.90
1815,35.40
1816,45.80
1817,41.10
1818,30.10
1819,23.90
1820,15.60
1821,6.60
1822,4.00
1823,1.80
1824,8.50
1825,16.60
1826,36.30
1827,49.60
1828,64.20
1829,67.00
1830,70.90
1831,47.80
1832,27.50
1833,8.50
1834,13.20
1835,56.90
1836,121.50
1837,138.30
1838,103.20
1839,85.70
1840,64.60
1841,36.70
1842,24.20
1843,10.70
1844,15.00
1845,40.10
1846,61.50
1847,98.50
1848,124.70
1849,96.30
1850,66.60
1851,64.50
1852,54.10
1853,39.00
1854,20.60
1855,6.70
1856,4.30
1857,22.70
1858,54.80
1859,93.80
1860,95.80
1861,77.20
1862,59.10
1863,44.00
1864,47.00
1865,30.50
1866,16.30
1867,7.30
1868,37.60
1869,74.00
1870,139.00
1871,111.20
1872,101.60
1873,66.20
1874,44.70
1875,17.00
1876,11.30
1877,12.40
1878,3.40
1879,6.00
1880,32.30
1881,54.30
1882,59.70
1883,63.70
1884,63.50
1885,52.20
1886,25.40
1887,13.10
1888,6.80
1889,6.30
1890,7.10
1891,35.60
1892,73.00
1893,85.10
1894,78.00
1895,64.00
1896,41.80
1897,26.20
1898,26.70
1899,12.10
1900,9.50
1901,2.70
1902,5.00
1903,24.40
1904,42.00
1905,63.50
1906,53.80
1907,62.00
1908,48.50
1909,43.90
1910,18.60
1911,5.70
1912,3.60
1913,1.40
1914,9.60
1915,47.40
1916,57.10
1917,103.90
1918,80.60
1919,63.60
1920,37.60
1921,26.10
1922,14.20
1923,5.80
1924,16.70
1925,44.30
1926,63.90
1927,69.00
1928,77.80
1929,64.90
1930,35.70
1931,21.20
1932,11.10
1933,5.70
1934,8.70
1935,36.10
1936,79.70
1937,114.40
1938,109.60
1939,88.80
1940,67.80
1941,47.50
1942,30.60
1943,16.30
1944,9.60
1945,33.20
1946,92.60
1947,151.60
1948,136.30
1949,134.70
1950,83.90
1951,69.40
1952,31.50
1953,13.90
1954,4.40
1955,38.00
1956,141.70
1957,190.20
1958,184.80
1959,159.00
1960,112.30
1961,53.90
1962,37.50
1963,27.90
1964,10.20
1965,15.10
1966,47.00
1967,93.80
1968,105.90
1969,105.50
1970,104.50
1971,66.60
1972,68.90
1973,38.00
1974,34.50
1975,15.50
1976,12.60
1977,27.50
1978,92.50
1979,155.40
1980,154.60
1981,140.40
1982,115.90
1983,66.60
1984,45.90
1985,17.90
1986,13.40
1987,29.40
1988,100.20
1989,157.60
1990,142.60
1991,145.70
1992,94.30
1993,54.60
1994,29.90
1995,17.50
1996,8.60
1997,21.50
1998,64.30
1999,93.30
2000,119.60
2001,111.00
